Input Length,Execution Time (s)
2,0.000499725341796875
3,0.0015540122985839844
5,0.0016891956329345703
9,0.0023331642150878906
14,0.0120697021484375
