Input Length,Execution Time (s)
2,0.0074083805084228516
3,0.010411977767944336
5,0.010625600814819336
9,0.013218879699707031
14,0.01616954803466797
